Nombre del Producto,Rating,Precio,Fecha de Entrega
El precio y otros detalles pueden variar según el tamaño y color del producto.,No disponible,No disponible,Resultados
Modern Cap para Unisex Adulto,4.0 de 5 estrellas,$352.20,"martes, 12 de septiembre"
"Bolsa Utility Power, Nike, Hombre",4.5 de 5 estrellas,"$1,691.00",No disponible
Air MAX Torch 3 para Hombre,4.6 de 5 estrellas,"$2,020.16","jueves, 14 de septiembre"
"6 Pares Calcetines Deportivos para Hombre, Calcetines Largos de Algodón Transpirable, Calcetas de Baloncesto Antideslizantes, Calcetines Acolchados para Correr, Calcetas de Fútbol Tobillo (6-9)",No disponible,$239.00,No disponible
No disponible,No disponible,No disponible,Más resultados
Adulto,4.6 de 5 estrellas,$350.99,"miércoles, 20 de septiembre"
Quest 4 - Tenis de Correr para Hombre,4.4 de 5 estrellas,"$1,029.58","martes, 19 de septiembre"
"Tenis para Hombre, Blanco Azul, 12 US",4.5 de 5 estrellas,No disponible,No disponible
Adult 3.0 Baseball Belt,4.7 de 5 estrellas,$527.18,No disponible
Retro T-Shirt para Mujer,No disponible,$548.51,"martes, 12 de septiembre"
Air Jordan 1 SE Wmns - DM3379600,4.5 de 5 estrellas,"$3,768.35",No disponible
Clásico Sports Bra para Mujer,4.6 de 5 estrellas,"$1,118.50","martes, 12 de septiembre"
T-Shirt Camisetas para Hombre,No disponible,$691.14,"martes, 12 de septiembre"
Zapatos Niños Blazer Mid 77 (GS) DA4086-100,4.6 de 5 estrellas,"$2,131.36",No disponible
Revolution 5. Zapatillas de Correr para Hombre,4.3 de 5 estrellas,"$1,389.65","domingo, 17 de septiembre"
"Men's Air More Uptempo GS, Black/White - Black",4.3 de 5 estrellas,"$1,904.80","miércoles, 20 de septiembre"
Flex Control Tr4. Entrenamiento Cruzado para Hombre,4.7 de 5 estrellas,"$1,398.19","sábado, 23 de septiembre"
"Sneaker Quest 3, Nike, Unisex",4.3 de 5 estrellas,"$1,684.79","martes, 19 de septiembre"
Sport Sweatshirt para Men,4.6 de 5 estrellas,$737.69,"jueves, 14 de septiembre"
"Blazer Low 77 Jumbo DN2158 101 para hombre, color blanco, negro, talla",5.0 de 5 estrellas,"$2,199.00",No disponible
Zapatillas Air MAX 270 para Hombre,4.6 de 5 estrellas,"$2,839.23","jueves, 14 de septiembre"
"Camiseta Park VII, Nike, Hombre",4.5 de 5 estrellas,$432.21,"martes, 12 de septiembre"
"Zapato Acuatico para Hombre, Mujer, niños, niñas, bebés",4.6 de 5 estrellas,$270.00,No disponible
"Pantalones de Yoga de Sensación Desnuda para Mujer, Leggings de Entrenamiento de Cintura Alta con Bolsillo sin Líneas Incómodas",4.6 de 5 estrellas,$469.00,No disponible
Parsens Oxford para Hombre,4.5 de 5 estrellas,"$2,547.56",No disponible
"Sudadera con capucha para hombre, color block con cierre completa, sudadera con capucha de forro polar con cierre y bolsillo kanga",4.5 de 5 estrellas,"$1,021.39","miércoles, 20 de septiembre"
Calcetines acolchados de algodón para uso diario (paquete de 6),4.6 de 5 estrellas,$476.16,"jueves, 14 de septiembre"
Conjunto de dos piezas para niños con textura de camuflaje con cremallera completa y pantalones (niños pequeños),No disponible,"$1,088.81","viernes, 15 de septiembre"
Tenis de Baloncesto para Hombre,4.5 de 5 estrellas,"$2,174.39","miércoles, 20 de septiembre"
Running Zapatillas de Correr para Hombre,4.4 de 5 estrellas,"$1,346.93",No disponible
Primo Court Tenis Tenis para Hombre,3.7 de 5 estrellas,$944.42,No disponible
Sweatpants Leggings para Mujer,4.1 de 5 estrellas,$282.08,"martes, 12 de septiembre"
Zapatillas de Correr Cortez Basic SL (PSV) para Chicos,4.2 de 5 estrellas,"$1,004.53","martes, 19 de septiembre"
"Paquete de 3 cinturones de red para hombre, Plateado",4.6 de 5 estrellas,$516.55,No disponible
Air MAX Alpha Trainer 4 Zapatillas de Deporte para Hombre,4.3 de 5 estrellas,"$1,399.00",No disponible
chamarra para niño Mid '77 (niño grande),3.5 de 5 estrellas,"$1,572.07","martes, 19 de septiembre"
JORDAN POST - Pantuflas para hombre,3.7 de 5 estrellas,"$1,138.67","martes, 19 de septiembre"
"Mochila Elemental CK0944-010, negra (25L)",4.4 de 5 estrellas,"$1,340.17",No disponible
"Dri-Fit Luxe - Calzoncillos tipo calzones de algodón modal para hombre, 1 paquete",4.6 de 5 estrellas,No disponible,No disponible
T-Shirt Camisetas para Hombre,No disponible,$567.71,"martes, 12 de septiembre"
Baloncesto Zapatos para Basket para Mujer,4.4 de 5 estrellas,"$2,520.24",No disponible
"M Nkct DF Solid, Camiseta polo para hombre, negro/ (blanco), M",No disponible,$999.00,"martes, 12 de septiembre"
Gimnasio. Tenis para Mujer,4.3 de 5 estrellas,"$1,231.92","miércoles, 20 de septiembre"
Hybrid Shorts Shorts para Hombre,4.5 de 5 estrellas,$540.71,No disponible
Court Vision Bajo Tenis para Hombre,4.5 de 5 estrellas,"$1,913.89","miércoles, 20 de septiembre"
Sb Zoom Blazer Mid PRM Da1839 - Zapatillas deportivas para hombre,4.6 de 5 estrellas,"$1,595.91","martes, 19 de septiembre"
Elemental Backpack (Pink Glaze/White),4.7 de 5 estrellas,No disponible,No disponible
Air More Uptempo '96 - Zapatos para hombre,4.6 de 5 estrellas,"$2,663.23","miércoles, 20 de septiembre"
"Heritage - Riñonera unisex (3L), Negro/Negro/Blanco, Misc, Nike Heritage - Riñonera",4.3 de 5 estrellas,$559.00,No disponible
Revolution 6 NN - Tenis de Correr para Hombre,4.2 de 5 estrellas,"$1,413.01","jueves, 14 de septiembre"
"Park 20, Sweatshirt Men, Black/white, G",4.5 de 5 estrellas,$956.16,"sábado, 16 de septiembre"
Zoom Freak 4 - Tenis de baloncesto para hombre,4.6 de 5 estrellas,"$1,945.75","miércoles, 20 de septiembre"
Conjunto de Camiseta y Pantalones Cortos para bebé (2 Piezas),4.8 de 5 estrellas,$470.16,"jueves, 14 de septiembre"
Waffle One Se - Hombre,4.4 de 5 estrellas,"$1,583.82","miércoles, 20 de septiembre"
"Calcetines deportivos de corte bajo para hombre, de algodón, sin presentación, calcetines deportivos de tobillo (4 pares/8 pares)",4.7 de 5 estrellas,$389.99,"domingo, 17 de septiembre"
"Conjunto de Playera de compresión y Pantalones para Hombre, Manga Larga, Secado rápido, para Gimnasio, Yoga",4.3 de 5 estrellas,$330.37,No disponible
"T24 - playera de manga corta de algodón muscular para hombre, ligera, para entrenamiento",4.0 de 5 estrellas,$455.99,"viernes, 15 de septiembre"
Sandalias para Hombre con Suela Antiderrapante y Hebillas Ajustables.,4.2 de 5 estrellas,$599.00,Pequeñas Empresas
"T20 - playera de tirantes básica de malla de secado rápido para hombre, para gimnasio, culturismo, entrenamiento T20",3.9 de 5 estrellas,$399.55,"viernes, 15 de septiembre"
KIT DE LIMPIEZA DE CALZADO,4.5 de 5 estrellas,$899.00,No disponible
"playera de entrenamiento de manga corta para hombre, estilo casual, para gimnasio, entrenamiento, trotar",4.2 de 5 estrellas,$420.55,"martes, 19 de septiembre"
"Bóxer Trunk, Paquete de 3 piezas",4.4 de 5 estrellas,$229.00,No disponible
"6 Pares Calcetines Deportivos para Hombre, Calcetines Largos de Algodón Transpirable, Calcetas de Baloncesto Antideslizantes, Calcetines Acolchados para Correr, Calcetas de Fútbol Tobillo (6-9)",No disponible,$239.00,No disponible
No disponible,No disponible,No disponible,No disponible
No disponible,No disponible,No disponible,No disponible
No disponible,No disponible,No disponible,No disponible
No disponible,No disponible,No disponible,No disponible
El precio y otros detalles pueden variar según el tamaño y color del producto.,No disponible,No disponible,Resultados
"Pantalones deportivos con forro Sherpa para hombre, gruesos y cálidos, deportivos",4.5 de 5 estrellas,$983.56,"sábado, 23 de septiembre"
Conjunto de Traje y Sombrero de bebé magnético Modal de 2 Piezas,4.8 de 5 estrellas,"$1,143.10","jueves, 14 de septiembre"
Playera Deportiva de Manga Larga para Hombre UV UPF 50 Camiseta Casual de Deporte Térmica Acampada Campismo Senderismo Marcha Ligera Secado Rápido,4.6 de 5 estrellas,$499.00,No disponible
Pantalón de chándal de salón elástico para Mujer con cordón 7/8 Pantalones Deportivos,4.4 de 5 estrellas,$739.00,"jueves, 14 de septiembre"
Dri-Fit Home & Away - Pulseras de Doble Ancho,4.7 de 5 estrellas,$321.55,"jueves, 14 de septiembre"
Nike,4.4 de 5 estrellas,"$1,080.77","jueves, 14 de septiembre"
Formación Zapato para Gimnasia para Hombre,4.3 de 5 estrellas,"$1,549.00",No disponible
Nike,4.0 de 5 estrellas,"$1,617.33","sábado, 16 de septiembre"
Dunk High Burgundy Crush (W) Style Code: DD1869-601,No disponible,"$2,262.62","martes, 19 de septiembre"
"Zapatos Jordan MAX Aura 4 para Hombre Black Cat Black/Anthracite-Black (DN3687 001) (Black Uni Red White, us_Footwear_Size_System, Adult, Men, Numeric, Medium, Numeric_10_Point_5)",5.0 de 5 estrellas,"$2,814.26",No disponible
Park - Camiseta de Manga Corta para Hombre,4.4 de 5 estrellas,$594.59,"martes, 19 de septiembre"
Air More Uptempo '96 Hombres,4.5 de 5 estrellas,"$2,753.68",No disponible
El precio y otros detalles pueden variar según el tamaño y color del producto.,No disponible,No disponible,Resultados
"Camiseta de Tirantes, Paquete de 5 piezas",4.6 de 5 estrellas,$309.00,No disponible
Pantalon Bebe Niño - Set 2 pz - Jogger con Elastico en la Cintura - Ropa para Bebes y niños,4.6 de 5 estrellas,$389.00,No disponible
Mens Compression Pants Base Layer Running Workout Muay Thai Jiu Jitsu MMA BJJ Spats Leggings Tights For Men (Black,4.6 de 5 estrellas,$200.90,"martes, 19 de septiembre"
"5CBB001 Bóxeres Ajustados para Hombre, Multicolor (Colores pueden variar)",4.7 de 5 estrellas,$666.43,"martes, 19 de septiembre"
Air Force 1 Low Retro para hombre,4.8 de 5 estrellas,"$2,790.67","martes, 19 de septiembre"
Air Jordan Jumpman Classics Mochila de día,4.5 de 5 estrellas,$945.13,No disponible
Fury Headband,4.6 de 5 estrellas,$421.15,"lunes, 18 de septiembre"
Baloncesto Zapatos para Basket para Mujer,4.5 de 5 estrellas,No disponible,No disponible
Tenis Court Borough Low 2 (TDV) para hombre,4.8 de 5 estrellas,$982.38,"martes, 19 de septiembre"
"Dri-Fit Wrap, envoltura para el cuello (negra), talla única, unisex",4.6 de 5 estrellas,$666.97,"jueves, 14 de septiembre"
Nike,4.6 de 5 estrellas,"$1,400.07","viernes, 15 de septiembre"
Adulto,4.6 de 5 estrellas,$504.11,"martes, 19 de septiembre"
Zapatillas Air MAX 270 para Hombre,4.6 de 5 estrellas,"$2,649.01","miércoles, 20 de septiembre"
Sportswear Futura Luxe - Mini mochila para mujer,No disponible,"$1,747.63","martes, 19 de septiembre"
Running Therma Sphere - Máscara para capucha (negra),4.2 de 5 estrellas,$772.03,No disponible
"Pantalones cortos Park III, Nike, Hombre",4.4 de 5 estrellas,$350.47,"sábado, 16 de septiembre"
Jogger Sweatpants para Hombre,5.0 de 5 estrellas,$910.45,"sábado, 16 de septiembre"
Fury Headband,4.5 de 5 estrellas,$403.16,No disponible
Tech Essential - Cinturón de tela para hombre,4.7 de 5 estrellas,$466.38,No disponible
Dri-Fit - Diadema con lazo para la cabeza,4.6 de 5 estrellas,$279.98,No disponible
"Paquete de 5 Playeras Polo Multicolor para Hombre, 100% Algodón",4.4 de 5 estrellas,$849.00,Pequeñas Empresas
Fajas transpirables de malla elástica con carpeta en el pecho para Tomboy Trans Lesbian,3.1 de 5 estrellas,$329.78,No disponible
X Pocket Classic tee | Playera para Hombre Manga Corta | Loose Fit | Camiseta 100% Algodón | T Shirt Cuello Redondo,3.9 de 5 estrellas,$699.00,No disponible
"Nike 3-Pack Everyday Plus Cushion Low-Cut Training (010, M)",4.7 de 5 estrellas,$319.48,No disponible
No disponible,No disponible,No disponible,No disponible
No disponible,No disponible,No disponible,Más resultados
Pro Dri-FIT 3.0 - Mangas de brazo para adultos,4.6 de 5 estrellas,$592.50,"viernes, 15 de septiembre"
"Wmns Air Jordan 1 Mid, Zapatillas de Baloncesto para Mujer",4.6 de 5 estrellas,"$2,347.19",No disponible
tela elástico reversible. Cinturón para Niños,4.7 de 5 estrellas,$316.41,No disponible
Wmns Air Force 1 '07 - Zapatillas de Baloncesto para Mujer,4.5 de 5 estrellas,"$2,504.36","martes, 19 de septiembre"
Dri Fit Lazo de cabeza,4.7 de 5 estrellas,$331.39,"jueves, 14 de septiembre"
Juvenate Tenis para Mujer,4.5 de 5 estrellas,"$3,735.15",No disponible
"Everyday Plus Cushioned, Multi-Color, Womens, Women'S Training Footie Socks (3 Pairs)",5.0 de 5 estrellas,$231.09,"martes, 12 de septiembre"
Tenis de gimnasia para hombre,4.4 de 5 estrellas,No disponible,No disponible
"Jacket Heritage, Nike, Mujer",No disponible,"$1,088.82","martes, 12 de septiembre"
React Escape RN 2 - Zapatillas deportivas para correr para mujer,4.5 de 5 estrellas,No disponible,No disponible
Retro T-Shirt para Hombre,4.6 de 5 estrellas,$599.00,"martes, 12 de septiembre"
Everyday Plus Cushion Crew Sock (3 pair),4.7 de 5 estrellas,$390.31,"martes, 19 de septiembre"
Court AeroBill Featherlight Gorra para Hombre,4.5 de 5 estrellas,$604.44,"jueves, 14 de septiembre"
Dri-FIT Stride Run Division - Pantalones cortos para correr con forro corto de 5 pulgadas para hombre,5.0 de 5 estrellas,"$1,568.28","jueves, 14 de septiembre"
"Giannis Immortality - Tenis deportivos de baloncesto para hombre, Negro/Limelight/Ozone Blue, 11",4.5 de 5 estrellas,"$1,419.85","martes, 19 de septiembre"
"NK HERITAGE DUFF - Bolsa de lona RETRO, NEGRO/NEGRO/(HYPER ROYAL), one size, Bolsa de lona",2.0 de 5 estrellas,$763.93,"jueves, 14 de septiembre"
"Golf Legend Sunglasses, Black/Volt Frame, Grey with Silver Flash Lens",4.2 de 5 estrellas,$790.95,"martes, 19 de septiembre"
Joyride Dual Run Cd4365-105 - Tenis de correr para hombre,4.5 de 5 estrellas,"$1,951.78",No disponible
Pro - playera de entrenamiento de manga corta para hombre,4.6 de 5 estrellas,$769.95,"lunes, 18 de septiembre"
Tenis de Baloncesto para Mujer,4.6 de 5 estrellas,No disponible,No disponible
Benassi Just Do It Sandalia para Mujer,4.5 de 5 estrellas,$626.08,"miércoles, 20 de septiembre"
Gorra de golf Dri-FIT Tech para hombre,4.6 de 5 estrellas,$630.52,"sábado, 23 de septiembre"
"Dri-Fit - Mangas solares UV para brazos, 1 par, unisex, adulto",4.5 de 5 estrellas,$695.59,"jueves, 14 de septiembre"
Zapatos Niños Blazer Mid 77 (GS) DA4086-100,4.6 de 5 estrellas,"$2,220.67","martes, 19 de septiembre"
"Everyday Essential - Calcetines tobilleros, 3 pares",4.6 de 5 estrellas,$422.21,"jueves, 14 de septiembre"
"BN1003-804 Diadema Team Orange x College Navy, F Swoosh",4.3 de 5 estrellas,$349.00,"martes, 12 de septiembre"
Hyperdiamond 4 Keystone Molded Softball Cleats White | White | Black SZ 7,No disponible,"$1,924.83","viernes, 15 de septiembre"
Everyday Plus - Calcetines acolchados para hombre (6 pares),4.6 de 5 estrellas,$599.34,"martes, 19 de septiembre"
PRO UNISEX DRI-FIT Manga 4.0,4.4 de 5 estrellas,$453.70,"lunes, 18 de septiembre"
Revolution 6 FlyEase Next Nature Running Black/White-DK Smoke Grey-Cool Grey 8,5.0 de 5 estrellas,"$1,071.96",No disponible
Zapatos de Gimnasia para Hombre,4.4 de 5 estrellas,"$1,646.02","martes, 19 de septiembre"
"M Nkct DF Solid, Camiseta polo para hombre, negro/ (blanco), M",No disponible,$999.00,"martes, 12 de septiembre"
Sujetador Deportivo Mujer con Relleno Extraíble Top Sujetadores Deportivos Yoga sin Costuras,4.3 de 5 estrellas,$569.00,"jueves, 14 de septiembre"
Zapatos de Golf para Hombre,4.3 de 5 estrellas,"$4,075.31","jueves, 14 de septiembre"
Pantalón Elegante Casual Acampanado para Mujer,4.6 de 5 estrellas,$599.00,No disponible
Billionaire Tracksuit Para Hombre,4.5 de 5 estrellas,$891.65,Pequeñas Empresas
Gorras de Béisbol - Cachuchas de 100% Algodón Ajustables para Hombres y Mujeres Gorras de Tenis,4.6 de 5 estrellas,$339.00,No disponible
No disponible,No disponible,No disponible,No disponible
No disponible,No disponible,No disponible,No disponible
No disponible,No disponible,No disponible,No disponible
No disponible,No disponible,No disponible,No disponible
El precio y otros detalles pueden variar según el tamaño y color del producto.,No disponible,No disponible,Resultados
Playera Deportiva de Manga Larga para Hombre UV UPF 50 Camiseta Casual de Deporte Térmica Acampada Campismo Senderismo Marcha Ligera Secado Rápido,4.6 de 5 estrellas,$499.00,No disponible
Camisa para Hombre Jersey Shirt Manga Larga,4.3 de 5 estrellas,$381.65,Pequeñas Empresas
Bufandas De Seda Suave Para Mujer Estampado Floral Rose Estilo Dulce y Elegante Bufandas Largas Chal Protector Solar Durante Toda La Temporada,4.4 de 5 estrellas,$341.99,No disponible
"Zapatos de Tenis para niños, Transpirables, para Correr, Caminar, Tenis de Moda para niños y",4.4 de 5 estrellas,$641.79,"jueves, 14 de septiembre"
Joyride Dual Run Cd4365-105 - Tenis de correr para hombre,4.5 de 5 estrellas,"$1,951.78",No disponible
Sport Sweatshirt para Hombre,4.4 de 5 estrellas,$389.45,"martes, 12 de septiembre"
Nike Men's Basketball Shoes,4.7 de 5 estrellas,"$3,915.29","jueves, 14 de septiembre"
Tenis para Hombre,4.3 de 5 estrellas,No disponible,No disponible
Swoosh Doublewide muñequeras,4.7 de 5 estrellas,$215.78,"jueves, 14 de septiembre"
Air Jordan 1 Low Zapatos para hombre,4.7 de 5 estrellas,"$2,747.26","martes, 19 de septiembre"
Tenis Quest 4 Premium Cafe DA8723-002,3.9 de 5 estrellas,"$1,760.55","jueves, 14 de septiembre"
"Men's Knit Soccer Track, Jacket Obsidian/white/white",4.2 de 5 estrellas,$702.87,"martes, 12 de septiembre"
Epic Phantom React FK - BV0417001,4.2 de 5 estrellas,"$2,931.67","miércoles, 20 de septiembre"
Quest 4 Running LT Smoke Grey/White-Black-Siren Red 8.5,4.3 de 5 estrellas,"$1,403.69",No disponible
Western T-Shirt para Hombre,4.1 de 5 estrellas,$843.77,"martes, 12 de septiembre"
Nike,4.5 de 5 estrellas,$437.54,No disponible
"Sujetador Deportivo DRI-FIT Swoosh, Nike, Mujer",4.4 de 5 estrellas,$481.56,"sábado, 16 de septiembre"
"Longsleeve Park First Layer, Nike, Hombre",4.3 de 5 estrellas,$470.29,"martes, 12 de septiembre"
Pro - playera ajustada de media manga para hombre,4.4 de 5 estrellas,$732.76,"jueves, 14 de septiembre"
"Men's Lightweight Crew Socks (Pack of 3), Jaspeado/marrón/gris (Sandalwood Heather/Baroque Brown/Baroque Brown/Nano Grey), Mediano",4.5 de 5 estrellas,No disponible,No disponible
"Cinturón Hombre,BULLIANT Cinturón Trenzado Elástico Tejido Extensible Y Hebilla De Aleación De Zinc,Ancho 1 3/8",4.7 de 5 estrellas,$598.00,"jueves, 14 de septiembre"
Pantalones Cortos de Senderismo para Hombre Senderismo Acampada para Informal Elástico Deportivo Montaña de Secado Rápido Ligero Carga,4.3 de 5 estrellas,$699.00,No disponible
"Short Deportivo, Gym O Casual Masculino Fénix Fit Spandex",4.5 de 5 estrellas,$349.00,Pequeñas Empresas
Pantalón de Uniforme para Dama,4.4 de 5 estrellas,$419.00,Pequeñas Empresas
No disponible,No disponible,No disponible,No disponible
No disponible,No disponible,No disponible,Más resultados
Tenis para Hombre,4.5 de 5 estrellas,"$1,790.28","jueves, 14 de septiembre"
Swoosh Headband,4.7 de 5 estrellas,$379.00,"martes, 12 de septiembre"
Race - Tenis de Correr para Hombre,4.3 de 5 estrellas,"$2,070.13",No disponible
W Legend Essential 2 - Tenis para Mujer,4.2 de 5 estrellas,"$1,622.87","miércoles, 20 de septiembre"
T-Shirt Camisetas para Hombre,4.3 de 5 estrellas,$335.46,"martes, 12 de septiembre"
Tenis para Mujer,4.1 de 5 estrellas,"$2,389.65",No disponible
"Sneaker Venture Runner, Nike, Hombre",4.4 de 5 estrellas,No disponible,No disponible
"Gorra Court AeroBill Rafa Heritage86, Nike, Hombre",4.4 de 5 estrellas,$663.22,"jueves, 14 de septiembre"
Tenis de gimnasia para mujer,4.4 de 5 estrellas,"$3,483.91",No disponible
Air Force 1 Mid '07 piel Blanco 366731-100 para mujer,4.1 de 5 estrellas,"$2,419.50","miércoles, 20 de septiembre"
"Women's Pro 3"" Training Shorts",4.6 de 5 estrellas,$738.66,"jueves, 14 de septiembre"
Baloncesto Zapatillas de básquetbol para Niños,4.7 de 5 estrellas,"$2,736.66","martes, 19 de septiembre"
Modern Sweatshirt para Mens,4.4 de 5 estrellas,"$1,090.76","sábado, 16 de septiembre"
"Chaqueta Park 20 Track, Nike, Hombre",4.3 de 5 estrellas,$778.49,"sábado, 16 de septiembre"
Jordan - Tenis para hombre,4.5 de 5 estrellas,"$2,232.74","martes, 19 de septiembre"
Jordan Air Jordan 15 Retro Stealth para Hombre,5.0 de 5 estrellas,$559.18,"martes, 12 de septiembre"
Air MAX Excee U - Zapatos para Hombre,4.3 de 5 estrellas,"$1,223.72",No disponible
Béisbol Gorra para Hombre,4.5 de 5 estrellas,$385.09,"jueves, 14 de septiembre"
"Dri-Fit Wrap, envoltura para el cuello (negra), talla única, unisex",4.6 de 5 estrellas,$666.97,"jueves, 14 de septiembre"
T-Shirt Camiseta sin Mangas para Hombre,4.4 de 5 estrellas,$627.93,"sábado, 16 de septiembre"
Nike,4.5 de 5 estrellas,$338.99,"miércoles, 20 de septiembre"
Air Zoom Division - Tenis deportivos para correr para hombre,4.5 de 5 estrellas,"$1,343.74",No disponible
Tenis para Correr para Mujer,4.4 de 5 estrellas,"$3,448.99","miércoles, 20 de septiembre"
Revolución 5 Zapatillas para Caminar para Hombre,4.5 de 5 estrellas,"$1,315.54","martes, 19 de septiembre"
Soccer Park III - Pantalones cortos para hombre,4.1 de 5 estrellas,$478.01,"lunes, 18 de septiembre"
Baloncesto Zapatos para Basket para Mujer,4.5 de 5 estrellas,"$3,046.04",No disponible
Baloncesto Zapatos para Basket para Hombre,4.6 de 5 estrellas,No disponible,No disponible
Pro Dri-FIT 3.0 - Mangas de brazo para adultos,4.6 de 5 estrellas,$592.50,"viernes, 15 de septiembre"
Nike,4.7 de 5 estrellas,No disponible,No disponible
Fury Headband,4.6 de 5 estrellas,$421.15,"lunes, 18 de septiembre"
Sport Pants para Hombre,4.2 de 5 estrellas,$713.06,"martes, 12 de septiembre"
Mujer Waffle Debut Sneaker,4.3 de 5 estrellas,No disponible,No disponible
Camiseta de ciclismo para hombre de manga corta Brearhable ciclismo ropa,4.5 de 5 estrellas,$773.67,No disponible
"Paquete de 3 Pantalones Cortos de Entrenamiento de Gimnasio para Hombre, de Malla, Levantamiento de Pesas, Pantalones para Entrenamiento de Culturismo con Bolsillo",4.5 de 5 estrellas,$699.99,"jueves, 14 de septiembre"
"Sudadera con capucha y cremallera completa para hombre, manga larga, con capucha Dri Power",4.4 de 5 estrellas,$758.00,"jueves, 14 de septiembre"
Baby-Boys Blue Sorbet - chamarra de forro polar con capucha,5.0 de 5 estrellas,"$1,074.19","martes, 19 de septiembre"
"Sandalias para Mujer Hombre - Antideslizantes de EVA Pantuflas de Casa para Salón, Baño, Gimnasio y Playa",4.5 de 5 estrellas,$329.00,No disponible
No disponible,No disponible,No disponible,No disponible
No disponible,No disponible,No disponible,No disponible
No disponible,No disponible,No disponible,No disponible
No disponible,No disponible,No disponible,No disponible
El precio y otros detalles pueden variar según el tamaño y color del producto.,No disponible,No disponible,Resultados
"Tarjetero de cuero auténtico plegable con compartimento para billetes, ventana de identificación y bolsillo para monedas,Oliva oscuro, Small",4.5 de 5 estrellas,$599.00,"jueves, 14 de septiembre"
Playera Deportiva de Manga Larga para Hombre UV UPF 50 Camiseta Casual de Deporte Térmica Acampada Campismo Senderismo Marcha Ligera Secado Rápido,4.6 de 5 estrellas,$499.00,No disponible
"Zapatos de tenis para niños, para correr, deportivos, transpirables, ligeros, para caminar, para niños y niñas",4.4 de 5 estrellas,$560.70,"viernes, 15 de septiembre"
Playera Bebe Niño - Set de 3 Piezas - Playeras para Bebes y Niños Basicas,4.7 de 5 estrellas,$249.00,No disponible
Gorra clásica de béisbol de Sarga Gorra de béisbol para Unisex niño,4.5 de 5 estrellas,$480.28,"jueves, 14 de septiembre"
Tenis de Gimnasia para Mujer,4.2 de 5 estrellas,"$3,436.05",No disponible
"Pantalones cortos Park III, Nike, Hombre",4.4 de 5 estrellas,$350.47,"sábado, 16 de septiembre"
Adulto,4.6 de 5 estrellas,$504.11,"martes, 19 de septiembre"
tela elástico reversible. Cinturón para Niños,4.7 de 5 estrellas,$316.41,No disponible
"Dri-Fit - Mangas solares UV para brazos, 1 par, unisex, adulto",4.5 de 5 estrellas,$695.59,"jueves, 14 de septiembre"
Lightweight Running Sleeve,4.4 de 5 estrellas,$615.67,"jueves, 14 de septiembre"
Pro - playera de entrenamiento de manga corta para hombre,4.6 de 5 estrellas,$769.95,"lunes, 18 de septiembre"
Dri Fit Lazo de cabeza,4.7 de 5 estrellas,$331.39,"jueves, 14 de septiembre"
Fury Headband,4.5 de 5 estrellas,$403.16,No disponible
"Everyday Plus Lightweight, White/Wolf Grey, Womens, Women'S Training Footie Socks (3 Pairs)",4.7 de 5 estrellas,$196.68,"martes, 12 de septiembre"
"EV1134-001 Adrenaline - Gafas de sol (montura brillante/blanca), color gris",4.6 de 5 estrellas,$726.07,"jueves, 14 de septiembre"
"Everyday Plus Cushioned, Multi-Color, Womens, Women'S Training Footie Socks (3 Pairs)",5.0 de 5 estrellas,$231.09,"martes, 12 de septiembre"
Womens Mixed Hairbands 9Pk,3.1 de 5 estrellas,$376.93,"martes, 19 de septiembre"
Diverge Gafas de sol,4.3 de 5 estrellas,$979.36,"lunes, 18 de septiembre"
"Gimnasia para Mujer, Summit White BRT Crimson Football Grey Arctic Punch Mtlc Silver Sunset Pulse, 9.5 US",3.6 de 5 estrellas,"$1,968.28","martes, 19 de septiembre"
Filipina Luisa Estampada para Dama,4.7 de 5 estrellas,$450.00,Pequeñas Empresas
"Calcetines de Yoga para Mujeres, Sebami Calcetines de Yoga 4 Pares Calcetines Antideslizantes Para Yoga Pilates Ballet Barre Mujer (4 Pcs)",4.4 de 5 estrellas,$259.00,No disponible
Camiseta de tenis para hombre Dry Miler Flash S/S,5.0 de 5 estrellas,$577.55,No disponible
B NSW tee Futura Icon TD - Camiseta para niño,4.3 de 5 estrellas,"$1,029.40",No disponible
No disponible,No disponible,No disponible,No disponible
No disponible,No disponible,No disponible,Más resultados
"Dri-FIT - Gorro de golf UV 2022, blanco/negro, talla L/XL, Blanco/Negro, Large-X-Large",3.8 de 5 estrellas,$686.12,"martes, 19 de septiembre"
Adrenaline anteojos de Sol,4.5 de 5 estrellas,$738.62,"jueves, 14 de septiembre"
"Dri-Fit Skull Cap (Black-White), N1003713-010, G",4.4 de 5 estrellas,$695.59,"viernes, 15 de septiembre"
Tech Essential - Cinturón de tela para hombre,4.7 de 5 estrellas,$466.38,No disponible
Pro Dri-FIT 3.0 - Mangas de brazo para adultos,4.6 de 5 estrellas,$592.50,"viernes, 15 de septiembre"
Sport Pants para Hombre,4.2 de 5 estrellas,$682.03,"sábado, 16 de septiembre"
"Little Baby Tricot Track Suit - Conjunto de traje de tricot deportivo de 2 piezas para bebé, color azul, Blue Void(86e130-u9l)/White, 24 meses",5.0 de 5 estrellas,$594.59,"domingo, 17 de septiembre"
Boy's Dri Fit Swoosh T Shirt,3.8 de 5 estrellas,$467.84,"miércoles, 20 de septiembre"
"Everyday Essential - Calcetines tobilleros, 3 pares",4.6 de 5 estrellas,$422.21,"jueves, 14 de septiembre"
Pro Dri-FIT - Pantalones cortos largos para hombre,4.5 de 5 estrellas,$707.83,"martes, 19 de septiembre"
M Np Df parte superior Sl - Chaleco ajustado para hombre,4.3 de 5 estrellas,$589.24,"domingo, 17 de septiembre"
Nike,4.6 de 5 estrellas,$550.00,"jueves, 14 de septiembre"
"Hombre Everyday Calcetines, Multi-Color, L",4.4 de 5 estrellas,$443.16,"viernes, 15 de septiembre"
"Juego de Gorra y Guantes Secos para Hombre, Negro/Plateado, pequeño/Mediano",4.2 de 5 estrellas,$667.47,"viernes, 15 de septiembre"
"Air MAX Axis (GS), Zapatillas para Hombre",4.0 de 5 estrellas,"$1,366.93","jueves, 14 de septiembre"
Air MAX Excee - Zapatos de Gimnasia para Mujer,4.3 de 5 estrellas,No disponible,No disponible
PRO DRI-FIT Skull WRAP 4.0,4.3 de 5 estrellas,$526.71,"viernes, 15 de septiembre"
"Calentadores Nike Matchfit, Nike, Unisex-adulto",4.5 de 5 estrellas,$571.26,"miércoles, 20 de septiembre"
Everyday Cushion,4.5 de 5 estrellas,$507.66,"jueves, 14 de septiembre"
Benassi Just Do It Sandalia para Mujer,4.5 de 5 estrellas,$626.08,"miércoles, 20 de septiembre"
Tenis para Correr para Mujer,4.4 de 5 estrellas,"$3,448.99","miércoles, 20 de septiembre"
Everyday Plus - Cojín no Show 6X,4.5 de 5 estrellas,$452.50,"miércoles, 20 de septiembre"
Speed Performance Headband,4.4 de 5 estrellas,$367.39,No disponible
Modern Pantalones Cortos para Hombre,4.6 de 5 estrellas,"$1,456.83","martes, 19 de septiembre"
"Calcetines acolchados para niño, paquete de 6",4.8 de 5 estrellas,$468.01,No disponible
Everyday Plus - Calcetines acolchados para hombre (6 pares),4.6 de 5 estrellas,$599.34,"martes, 19 de septiembre"
"Toddler Baby Boy Socks White/Blue 6 Pairs, Size 6-12 Months by Nike",4.7 de 5 estrellas,$417.71,"viernes, 15 de septiembre"
Men's Nike Pro Combat Elite Sleeve,4.5 de 5 estrellas,$652.17,"jueves, 14 de septiembre"
G-Flex - Cinturón de golf elástico para hombre,4.5 de 5 estrellas,$583.89,No disponible
"Benassi ""Just Do It.""-343880-001 Chanclas para Hombre",4.6 de 5 estrellas,$799.00,No disponible
"Calcetines Everyday Cushion No-Show Calcetines (3 Pares), Nike, Hombre",4.4 de 5 estrellas,No disponible,No disponible
"Calcetines de entrenamiento ligeros para mujer, 6 unidades",4.5 de 5 estrellas,$399.23,"jueves, 14 de septiembre"
Gorros de invierno gruesos y suaves a juego con pompones,4.5 de 5 estrellas,$765.61,"miércoles, 20 de septiembre"
Tenis Casual para Dama Mujer En Color Blanco con Mariposas Elaborados Tipo Piel Mod:020-96,4.5 de 5 estrellas,$459.00,Pequeñas Empresas
"Zapatos de agua para hombre y mujer, calcetines de piel descalza, secado rápido, para playa, piscina, natación, surf, barco",4.5 de 5 estrellas,$409.29,"jueves, 14 de septiembre"
Arm Sleeves - VD0015 - Par de Mangas de Compresión,4.4 de 5 estrellas,$549.00,"mañana, 11 de septiembre"
"Sandalias para Mujer Hombre - Antideslizantes de EVA Pantuflas de Casa para Salón, Baño, Gimnasio y Playa",4.5 de 5 estrellas,$329.00,No disponible
No disponible,No disponible,No disponible,No disponible
No disponible,No disponible,No disponible,No disponible
No disponible,No disponible,No disponible,No disponible
No disponible,No disponible,No disponible,No disponible
